Name,Start,Duration,GPU,Context
ampere_sgemm_128x64_tn,4.89664s,296.991 μs,GPU 0,Stream 7
"void at::native::vectorized_elementwise_kernel<(int)4, at::native::GeluCUDAKernelImpl(at::TensorIteratorBase &, at::native::GeluType)::[lambda() (instance 2)]::operator ()() const::[lambda() (instance 4)]::operator ()() const::[lambda(float) (instance 1)], at::detail::Array<char *, (int)2>>(int, T2, T3)",4.89694s,45.600 μs,GPU 0,Stream 7
ampere_sgemm_128x64_tn,4.89699s,227.008 μs,GPU 0,Stream 7
"void at::native::vectorized_elementwise_kernel<(int)4, at::native::GeluCUDAKernelImpl(at::TensorIteratorBase &, at::native::GeluType)::[lambda() (instance 2)]::operator ()() const::[lambda() (instance 4)]::operator ()() const::[lambda(float) (instance 1)], at::detail::Array<char *, (int)2>>(int, T2, T3)",4.89722s,33.216 μs,GPU 0,Stream 7
ampere_sgemm_32x32_sliced1x4_tn,4.89725s,8.895 μs,GPU 0,Stream 7
"void splitKreduce_kernel<(int)32, (int)16, int, float, float, float, float, (bool)1, (bool)1, (bool)0>(cublasSplitKParams<T6>, const T4 *, const T5 *, T5 *, const T6 *, const T6 *, const T7 *, const T4 *, T7 *, void *, long, T6 *, int *)",4.89726s,3.777 μs,GPU 0,Stream 7
"void at::native::vectorized_elementwise_kernel<(int)4, at::native::GeluCUDAKernelImpl(at::TensorIteratorBase &, at::native::GeluType)::[lambda() (instance 2)]::operator ()() const::[lambda() (instance 4)]::operator ()() const::[lambda(float) (instance 1)], at::detail::Array<char *, (int)2>>(int, T2, T3)",4.89727s,2.528 μs,GPU 0,Stream 7
ampere_sgemm_128x64_tn,4.89727s,203.680 μs,GPU 0,Stream 7
ampere_sgemm_128x64_tn,4.89747s,203.904 μs,GPU 0,Stream 7
ampere_sgemm_128x64_tn,4.89768s,156.319 μs,GPU 0,Stream 7
ampere_sgemm_128x128_nn,4.89784s,88.320 μs,GPU 0,Stream 7
ampere_sgemm_128x128_nn,4.89792s,87.488 μs,GPU 0,Stream 7
"void at::native::vectorized_elementwise_kernel<(int)4, at::native::FillFunctor<float>, at::detail::Array<char *, (int)1>>(int, T2, T3)",4.89801s,3.264 μs,GPU 0,Stream 7
"void at::native::elementwise_kernel<(int)128, (int)2, void at::native::gpu_kernel_impl<at::native::<unnamed>::direct_copy_kernel_cuda(at::TensorIteratorBase &)::[lambda() (instance 2)]::operator ()() const::[lambda() (instance 8)]::operator ()() const::[lambda(float) (instance 1)]>(at::TensorIteratorBase &, const T1 &)::[lambda(int) (instance 1)]>(int, T3)",4.89802s,47.520 μs,GPU 0,Stream 7
"void dgl::aten::cuda::SDDMMCooTreeReduceKernel<long, float, (bool)0, (bool)0, (int)2, (int)0>(const T2 *, const T2 *, T2 *, const T1 *, const T1 *, const T1 *, long, long, long, long, const long *, const long *, long, long, long)",4.89807s,64.448 μs,GPU 0,Stream 7
"void at::native::reduce_kernel<(int)128, (int)4, at::native::ReduceOp<float, at::native::func_wrapper_t<float, at::native::sum_functor<float, float, float>::operator ()(at::TensorIterator &)::[lambda(float, float) (instance 1)]>, unsigned int, float, (int)4>>(T3)",4.89813s,7.456 μs,GPU 0,Stream 7
"void at::native::elementwise_kernel<(int)128, (int)2, void at::native::gpu_kernel_impl<at::native::BinaryFunctor<float, float, float, at::native::MulFunctor<float>>>(at::TensorIteratorBase &, const T1 &)::[lambda(int) (instance 1)]>(int, T3)",4.89814s,4.192 μs,GPU 0,Stream 7
"void at::native::vectorized_elementwise_kernel<(int)4, at::native::BUnaryFunctor<float, float, float, at::native::MulFunctor<float>>, at::detail::Array<char *, (int)2>>(int, T2, T3)",4.89814s,3.104 μs,GPU 0,Stream 7
"void at::native::vectorized_elementwise_kernel<(int)4, at::native::FillFunctor<float>, at::detail::Array<char *, (int)1>>(int, T2, T3)",4.89815s,2.241 μs,GPU 0,Stream 7
"void at::native::vectorized_elementwise_kernel<(int)4, at::native::FillFunctor<long>, at::detail::Array<char *, (int)1>>(int, T2, T3)",4.89815s,2.720 μs,GPU 0,Stream 7
"void dgl::aten::cuda::SpMMCsrKernel<long, float, dgl::aten::cuda::binary::CopyRhs<float>, dgl::aten::cuda::reduce::Max<long, float, (bool)0>, (bool)0, (bool)1>(const T2 *, const T2 *, T2 *, T1 *, T1 *, const T1 *, const T1 *, const T1 *, long, long, const long *, const long *, long, long, long)",4.89816s,7.616 μs,GPU 0,Stream 7
"void at::native::vectorized_elementwise_kernel<(int)4, at::native::FillFunctor<float>, at::detail::Array<char *, (int)1>>(int, T2, T3)",4.89816s,2.432 μs,GPU 0,Stream 7
"void dgl::aten::cuda::SDDMMCooKernel<long, float, dgl::aten::cuda::binary::Sub<float>, (bool)0, (bool)0, (int)1, (int)2>(const T2 *, const T2 *, T2 *, const T1 *, const T1 *, const T1 *, long, long, long, long, const long *, const long *, long, long, long)",4.89817s,4.353 μs,GPU 0,Stream 7
"void at::native::vectorized_elementwise_kernel<(int)4, at::native::exp_kernel_cuda(at::TensorIteratorBase &)::[lambda() (instance 2)]::operator ()() const::[lambda() (instance 4)]::operator ()() const::[lambda(float) (instance 1)], at::detail::Array<char *, (int)2>>(int, T2, T3)",4.89817s,3.041 μs,GPU 0,Stream 7
"void at::native::vectorized_elementwise_kernel<(int)4, at::native::FillFunctor<float>, at::detail::Array<char *, (int)1>>(int, T2, T3)",4.89818s,2.240 μs,GPU 0,Stream 7
"void dgl::aten::cuda::SpMMCsrKernel<long, float, dgl::aten::cuda::binary::CopyRhs<float>, dgl::aten::cuda::reduce::Sum<long, float, (bool)0>, (bool)0, (bool)1>(const T2 *, const T2 *, T2 *, T1 *, T1 *, const T1 *, const T1 *, const T1 *, long, long, const long *, const long *, long, long, long)",4.89818s,6.719 μs,GPU 0,Stream 7
"void at::native::vectorized_elementwise_kernel<(int)4, at::native::FillFunctor<float>, at::detail::Array<char *, (int)1>>(int, T2, T3)",4.89819s,2.431 μs,GPU 0,Stream 7
"void dgl::aten::cuda::SDDMMCooKernel<long, float, dgl::aten::cuda::binary::Div<float>, (bool)0, (bool)0, (int)1, (int)2>(const T2 *, const T2 *, T2 *, const T1 *, const T1 *, const T1 *, long, long, long, long, const long *, const long *, long, long, long)",4.89819s,4.416 μs,GPU 0,Stream 7
ampere_sgemm_128x64_tn,4.89825s,155.264 μs,GPU 0,Stream 7
ampere_sgemm_128x64_tn,4.8984s,154.656 μs,GPU 0,Stream 7
ampere_sgemm_128x64_tn,4.89856s,154.496 μs,GPU 0,Stream 7
ampere_sgemm_128x128_nn,4.89871s,66.880 μs,GPU 0,Stream 7
ampere_sgemm_128x128_nn,4.89878s,65.920 μs,GPU 0,Stream 7
"void at::native::vectorized_elementwise_kernel<(int)4, at::native::FillFunctor<float>, at::detail::Array<char *, (int)1>>(int, T2, T3)",4.89885s,2.784 μs,GPU 0,Stream 7
"void at::native::elementwise_kernel<(int)128, (int)2, void at::native::gpu_kernel_impl<at::native::<unnamed>::direct_copy_kernel_cuda(at::TensorIteratorBase &)::[lambda() (instance 2)]::operator ()() const::[lambda() (instance 8)]::operator ()() const::[lambda(float) (instance 1)]>(at::TensorIteratorBase &, const T1 &)::[lambda(int) (instance 1)]>(int, T3)",4.89885s,33.920 μs,GPU 0,Stream 7
"void dgl::aten::cuda::SDDMMCooTreeReduceKernel<long, float, (bool)0, (bool)0, (int)2, (int)0>(const T2 *, const T2 *, T2 *, const T1 *, const T1 *, const T1 *, long, long, long, long, const long *, const long *, long, long, long)",4.89889s,48.704 μs,GPU 0,Stream 7
"void at::native::reduce_kernel<(int)128, (int)4, at::native::ReduceOp<float, at::native::func_wrapper_t<float, at::native::sum_functor<float, float, float>::operator ()(at::TensorIterator &)::[lambda(float, float) (instance 1)]>, unsigned int, float, (int)4>>(T3)",4.89894s,6.528 μs,GPU 0,Stream 7
"void at::native::elementwise_kernel<(int)128, (int)2, void at::native::gpu_kernel_impl<at::native::BinaryFunctor<float, float, float, at::native::MulFunctor<float>>>(at::TensorIteratorBase &, const T1 &)::[lambda(int) (instance 1)]>(int, T3)",4.89895s,4.096 μs,GPU 0,Stream 7
"void at::native::vectorized_elementwise_kernel<(int)4, at::native::BUnaryFunctor<float, float, float, at::native::MulFunctor<float>>, at::detail::Array<char *, (int)2>>(int, T2, T3)",4.89895s,2.848 μs,GPU 0,Stream 7
"void at::native::vectorized_elementwise_kernel<(int)4, at::native::FillFunctor<float>, at::detail::Array<char *, (int)1>>(int, T2, T3)",4.89895s,2.240 μs,GPU 0,Stream 7
"void at::native::vectorized_elementwise_kernel<(int)4, at::native::FillFunctor<long>, at::detail::Array<char *, (int)1>>(int, T2, T3)",4.89896s,2.720 μs,GPU 0,Stream 7
"void dgl::aten::cuda::SpMMCsrKernel<long, float, dgl::aten::cuda::binary::CopyRhs<float>, dgl::aten::cuda::reduce::Max<long, float, (bool)0>, (bool)0, (bool)1>(const T2 *, const T2 *, T2 *, T1 *, T1 *, const T1 *, const T1 *, const T1 *, long, long, const long *, const long *, long, long, long)",4.89896s,8.928 μs,GPU 0,Stream 7
"void at::native::vectorized_elementwise_kernel<(int)4, at::native::FillFunctor<float>, at::detail::Array<char *, (int)1>>(int, T2, T3)",4.89897s,2.400 μs,GPU 0,Stream 7
"void dgl::aten::cuda::SDDMMCooKernel<long, float, dgl::aten::cuda::binary::Sub<float>, (bool)0, (bool)0, (int)1, (int)2>(const T2 *, const T2 *, T2 *, const T1 *, const T1 *, const T1 *, long, long, long, long, const long *, const long *, long, long, long)",4.89897s,3.680 μs,GPU 0,Stream 7
"void at::native::vectorized_elementwise_kernel<(int)4, at::native::exp_kernel_cuda(at::TensorIteratorBase &)::[lambda() (instance 2)]::operator ()() const::[lambda() (instance 4)]::operator ()() const::[lambda(float) (instance 1)], at::detail::Array<char *, (int)2>>(int, T2, T3)",4.89898s,2.944 μs,GPU 0,Stream 7
"void at::native::vectorized_elementwise_kernel<(int)4, at::native::FillFunctor<float>, at::detail::Array<char *, (int)1>>(int, T2, T3)",4.89898s,2.240 μs,GPU 0,Stream 7
"void dgl::aten::cuda::SpMMCsrKernel<long, float, dgl::aten::cuda::binary::CopyRhs<float>, dgl::aten::cuda::reduce::Sum<long, float, (bool)0>, (bool)0, (bool)1>(const T2 *, const T2 *, T2 *, T1 *, T1 *, const T1 *, const T1 *, const T1 *, long, long, const long *, const long *, long, long, long)",4.89899s,8.032 μs,GPU 0,Stream 7
"void at::native::vectorized_elementwise_kernel<(int)4, at::native::FillFunctor<float>, at::detail::Array<char *, (int)1>>(int, T2, T3)",4.89902s,2.368 μs,GPU 0,Stream 7
"void dgl::aten::cuda::SDDMMCooKernel<long, float, dgl::aten::cuda::binary::Div<float>, (bool)0, (bool)0, (int)1, (int)2>(const T2 *, const T2 *, T2 *, const T1 *, const T1 *, const T1 *, long, long, long, long, const long *, const long *, long, long, long)",4.89904s,3.776 μs,GPU 0,Stream 7
ampere_sgemm_128x64_tn,4.89914s,153.823 μs,GPU 0,Stream 7
ampere_sgemm_128x64_tn,4.8993s,154.080 μs,GPU 0,Stream 7
ampere_sgemm_128x64_tn,4.89945s,154.144 μs,GPU 0,Stream 7
ampere_sgemm_128x128_nn,4.89961s,66.272 μs,GPU 0,Stream 7
ampere_sgemm_128x128_nn,4.89967s,66.016 μs,GPU 0,Stream 7
"void at::native::vectorized_elementwise_kernel<(int)4, at::native::FillFunctor<float>, at::detail::Array<char *, (int)1>>(int, T2, T3)",4.89974s,2.848 μs,GPU 0,Stream 7
"void at::native::elementwise_kernel<(int)128, (int)2, void at::native::gpu_kernel_impl<at::native::<unnamed>::direct_copy_kernel_cuda(at::TensorIteratorBase &)::[lambda() (instance 2)]::operator ()() const::[lambda() (instance 8)]::operator ()() const::[lambda(float) (instance 1)]>(at::TensorIteratorBase &, const T1 &)::[lambda(int) (instance 1)]>(int, T3)",4.89975s,34.368 μs,GPU 0,Stream 7
"void dgl::aten::cuda::SDDMMCooTreeReduceKernel<long, float, (bool)0, (bool)0, (int)2, (int)0>(const T2 *, const T2 *, T2 *, const T1 *, const T1 *, const T1 *, long, long, long, long, const long *, const long *, long, long, long)",4.89978s,48.224 μs,GPU 0,Stream 7
"void at::native::reduce_kernel<(int)128, (int)4, at::native::ReduceOp<float, at::native::func_wrapper_t<float, at::native::sum_functor<float, float, float>::operator ()(at::TensorIterator &)::[lambda(float, float) (instance 1)]>, unsigned int, float, (int)4>>(T3)",4.89983s,6.432 μs,GPU 0,Stream 7
"void at::native::elementwise_kernel<(int)128, (int)2, void at::native::gpu_kernel_impl<at::native::BinaryFunctor<float, float, float, at::native::MulFunctor<float>>>(at::TensorIteratorBase &, const T1 &)::[lambda(int) (instance 1)]>(int, T3)",4.89984s,4.128 μs,GPU 0,Stream 7
"void at::native::vectorized_elementwise_kernel<(int)4, at::native::BUnaryFunctor<float, float, float, at::native::MulFunctor<float>>, at::detail::Array<char *, (int)2>>(int, T2, T3)",4.89984s,2.880 μs,GPU 0,Stream 7
"void at::native::vectorized_elementwise_kernel<(int)4, at::native::FillFunctor<float>, at::detail::Array<char *, (int)1>>(int, T2, T3)",4.89985s,2.240 μs,GPU 0,Stream 7
"void at::native::vectorized_elementwise_kernel<(int)4, at::native::FillFunctor<long>, at::detail::Array<char *, (int)1>>(int, T2, T3)",4.89985s,2.688 μs,GPU 0,Stream 7
"void dgl::aten::cuda::SpMMCsrKernel<long, float, dgl::aten::cuda::binary::CopyRhs<float>, dgl::aten::cuda::reduce::Max<long, float, (bool)0>, (bool)0, (bool)1>(const T2 *, const T2 *, T2 *, T1 *, T1 *, const T1 *, const T1 *, const T1 *, long, long, const long *, const long *, long, long, long)",4.89985s,39.168 μs,GPU 0,Stream 7
"void at::native::vectorized_elementwise_kernel<(int)4, at::native::FillFunctor<float>, at::detail::Array<char *, (int)1>>(int, T2, T3)",4.89989s,2.400 μs,GPU 0,Stream 7
"void dgl::aten::cuda::SDDMMCooKernel<long, float, dgl::aten::cuda::binary::Sub<float>, (bool)0, (bool)0, (int)1, (int)2>(const T2 *, const T2 *, T2 *, const T1 *, const T1 *, const T1 *, long, long, long, long, const long *, const long *, long, long, long)",4.8999s,3.616 μs,GPU 0,Stream 7
"void at::native::vectorized_elementwise_kernel<(int)4, at::native::exp_kernel_cuda(at::TensorIteratorBase &)::[lambda() (instance 2)]::operator ()() const::[lambda() (instance 4)]::operator ()() const::[lambda(float) (instance 1)], at::detail::Array<char *, (int)2>>(int, T2, T3)",4.8999s,2.944 μs,GPU 0,Stream 7
"void at::native::vectorized_elementwise_kernel<(int)4, at::native::FillFunctor<float>, at::detail::Array<char *, (int)1>>(int, T2, T3)",4.8999s,2.240 μs,GPU 0,Stream 7
"void dgl::aten::cuda::SpMMCsrKernel<long, float, dgl::aten::cuda::binary::CopyRhs<float>, dgl::aten::cuda::reduce::Sum<long, float, (bool)0>, (bool)0, (bool)1>(const T2 *, const T2 *, T2 *, T1 *, T1 *, const T1 *, const T1 *, const T1 *, long, long, const long *, const long *, long, long, long)",4.89991s,30.720 μs,GPU 0,Stream 7
"void at::native::vectorized_elementwise_kernel<(int)4, at::native::FillFunctor<float>, at::detail::Array<char *, (int)1>>(int, T2, T3)",4.89994s,2.368 μs,GPU 0,Stream 7
"void dgl::aten::cuda::SDDMMCooKernel<long, float, dgl::aten::cuda::binary::Div<float>, (bool)0, (bool)0, (int)1, (int)2>(const T2 *, const T2 *, T2 *, const T1 *, const T1 *, const T1 *, long, long, long, long, const long *, const long *, long, long, long)",4.89994s,3.808 μs,GPU 0,Stream 7
ampere_sgemm_128x64_tn,4.90011s,159.744 μs,GPU 0,Stream 7
ampere_sgemm_128x64_tn,4.90027s,154.560 μs,GPU 0,Stream 7
ampere_sgemm_32x32_sliced1x4_tn,4.90043s,8.576 μs,GPU 0,Stream 7
"void splitKreduce_kernel<(int)32, (int)16, int, float, float, float, float, (bool)1, (bool)1, (bool)0>(cublasSplitKParams<T6>, const T4 *, const T5 *, T5 *, const T6 *, const T6 *, const T7 *, const T4 *, T7 *, void *, long, T6 *, int *)",4.90044s,3.744 μs,GPU 0,Stream 7
ampere_sgemm_128x128_nn,4.90044s,65.216 μs,GPU 0,Stream 7
ampere_sgemm_128x128_nn,4.90051s,66.400 μs,GPU 0,Stream 7
"void at::native::vectorized_elementwise_kernel<(int)4, at::native::FillFunctor<float>, at::detail::Array<char *, (int)1>>(int, T2, T3)",4.90057s,2.720 μs,GPU 0,Stream 7
"void at::native::elementwise_kernel<(int)128, (int)2, void at::native::gpu_kernel_impl<at::native::<unnamed>::direct_copy_kernel_cuda(at::TensorIteratorBase &)::[lambda() (instance 2)]::operator ()() const::[lambda() (instance 8)]::operator ()() const::[lambda(float) (instance 1)]>(at::TensorIteratorBase &, const T1 &)::[lambda(int) (instance 1)]>(int, T3)",4.90058s,34.272 μs,GPU 0,Stream 7
"void dgl::aten::cuda::SDDMMCooTreeReduceKernel<long, float, (bool)0, (bool)0, (int)2, (int)0>(const T2 *, const T2 *, T2 *, const T1 *, const T1 *, const T1 *, long, long, long, long, const long *, const long *, long, long, long)",4.90061s,23.264 μs,GPU 0,Stream 7
"void at::native::reduce_kernel<(int)128, (int)4, at::native::ReduceOp<float, at::native::func_wrapper_t<float, at::native::sum_functor<float, float, float>::operator ()(at::TensorIterator &)::[lambda(float, float) (instance 1)]>, unsigned int, float, (int)4>>(T3)",4.90064s,5.728 μs,GPU 0,Stream 7
"void at::native::elementwise_kernel<(int)128, (int)2, void at::native::gpu_kernel_impl<at::native::BinaryFunctor<float, float, float, at::native::MulFunctor<float>>>(at::TensorIteratorBase &, const T1 &)::[lambda(int) (instance 1)]>(int, T3)",4.90066s,3.776 μs,GPU 0,Stream 7
"void at::native::vectorized_elementwise_kernel<(int)4, at::native::BUnaryFunctor<float, float, float, at::native::MulFunctor<float>>, at::detail::Array<char *, (int)2>>(int, T2, T3)",4.90068s,2.592 μs,GPU 0,Stream 7
"void at::native::vectorized_elementwise_kernel<(int)4, at::native::FillFunctor<float>, at::detail::Array<char *, (int)1>>(int, T2, T3)",4.90073s,2.176 μs,GPU 0,Stream 7
"void at::native::vectorized_elementwise_kernel<(int)4, at::native::FillFunctor<long>, at::detail::Array<char *, (int)1>>(int, T2, T3)",4.90075s,2.240 μs,GPU 0,Stream 7
"void dgl::aten::cuda::SpMMCsrKernel<long, float, dgl::aten::cuda::binary::CopyRhs<float>, dgl::aten::cuda::reduce::Max<long, float, (bool)0>, (bool)0, (bool)1>(const T2 *, const T2 *, T2 *, T1 *, T1 *, const T1 *, const T1 *, const T1 *, long, long, const long *, const long *, long, long, long)",4.90078s,692.383 μs,GPU 0,Stream 7
"void at::native::vectorized_elementwise_kernel<(int)4, at::native::FillFunctor<float>, at::detail::Array<char *, (int)1>>(int, T2, T3)",4.90148s,2.208 μs,GPU 0,Stream 7
"void dgl::aten::cuda::SDDMMCooKernel<long, float, dgl::aten::cuda::binary::Sub<float>, (bool)0, (bool)0, (int)1, (int)2>(const T2 *, const T2 *, T2 *, const T1 *, const T1 *, const T1 *, long, long, long, long, const long *, const long *, long, long, long)",4.90148s,3.168 μs,GPU 0,Stream 7
"void at::native::vectorized_elementwise_kernel<(int)4, at::native::exp_kernel_cuda(at::TensorIteratorBase &)::[lambda() (instance 2)]::operator ()() const::[lambda() (instance 4)]::operator ()() const::[lambda(float) (instance 1)], at::detail::Array<char *, (int)2>>(int, T2, T3)",4.90148s,2.656 μs,GPU 0,Stream 7
"void at::native::vectorized_elementwise_kernel<(int)4, at::native::FillFunctor<float>, at::detail::Array<char *, (int)1>>(int, T2, T3)",4.90149s,2.176 μs,GPU 0,Stream 7
"void dgl::aten::cuda::SpMMCsrKernel<long, float, dgl::aten::cuda::binary::CopyRhs<float>, dgl::aten::cuda::reduce::Sum<long, float, (bool)0>, (bool)0, (bool)1>(const T2 *, const T2 *, T2 *, T1 *, T1 *, const T1 *, const T1 *, const T1 *, long, long, const long *, const long *, long, long, long)",4.90149s,523.679 μs,GPU 0,Stream 7
"void at::native::vectorized_elementwise_kernel<(int)4, at::native::FillFunctor<float>, at::detail::Array<char *, (int)1>>(int, T2, T3)",4.90202s,2.240 μs,GPU 0,Stream 7
"void dgl::aten::cuda::SDDMMCooKernel<long, float, dgl::aten::cuda::binary::Div<float>, (bool)0, (bool)0, (int)1, (int)2>(const T2 *, const T2 *, T2 *, const T1 *, const T1 *, const T1 *, long, long, long, long, const long *, const long *, long, long, long)",4.90202s,3.296 μs,GPU 0,Stream 7
ampere_sgemm_128x64_tn,4.90202s,154.015 μs,GPU 0,Stream 7
ampere_sgemm_128x64_tn,4.90218s,153.920 μs,GPU 0,Stream 7
ampere_sgemm_128x64_tn,4.90233s,205.728 μs,GPU 0,Stream 7
ampere_sgemm_128x128_nn,4.90254s,66.048 μs,GPU 0,Stream 7
ampere_sgemm_128x128_nn,4.90261s,66.719 μs,GPU 0,Stream 7
"void at::native::vectorized_elementwise_kernel<(int)4, at::native::FillFunctor<float>, at::detail::Array<char *, (int)1>>(int, T2, T3)",4.90267s,2.816 μs,GPU 0,Stream 7
"void at::native::elementwise_kernel<(int)128, (int)2, void at::native::gpu_kernel_impl<at::native::<unnamed>::direct_copy_kernel_cuda(at::TensorIteratorBase &)::[lambda() (instance 2)]::operator ()() const::[lambda() (instance 8)]::operator ()() const::[lambda(float) (instance 1)]>(at::TensorIteratorBase &, const T1 &)::[lambda(int) (instance 1)]>(int, T3)",4.90268s,35.552 μs,GPU 0,Stream 7
"void dgl::aten::cuda::SDDMMCooTreeReduceKernel<long, float, (bool)0, (bool)0, (int)2, (int)0>(const T2 *, const T2 *, T2 *, const T1 *, const T1 *, const T1 *, long, long, long, long, const long *, const long *, long, long, long)",4.90271s,64.000 μs,GPU 0,Stream 7
"void at::native::reduce_kernel<(int)128, (int)4, at::native::ReduceOp<float, at::native::func_wrapper_t<float, at::native::sum_functor<float, float, float>::operator ()(at::TensorIterator &)::[lambda(float, float) (instance 1)]>, unsigned int, float, (int)4>>(T3)",4.90278s,6.720 μs,GPU 0,Stream 7
"void at::native::elementwise_kernel<(int)128, (int)2, void at::native::gpu_kernel_impl<at::native::BinaryFunctor<float, float, float, at::native::MulFunctor<float>>>(at::TensorIteratorBase &, const T1 &)::[lambda(int) (instance 1)]>(int, T3)",4.90279s,4.224 μs,GPU 0,Stream 7
"void at::native::vectorized_elementwise_kernel<(int)4, at::native::BUnaryFunctor<float, float, float, at::native::MulFunctor<float>>, at::detail::Array<char *, (int)2>>(int, T2, T3)",4.90279s,2.912 μs,GPU 0,Stream 7
"void at::native::vectorized_elementwise_kernel<(int)4, at::native::FillFunctor<float>, at::detail::Array<char *, (int)1>>(int, T2, T3)",4.9028s,2.464 μs,GPU 0,Stream 7
"void at::native::vectorized_elementwise_kernel<(int)4, at::native::FillFunctor<long>, at::detail::Array<char *, (int)1>>(int, T2, T3)",4.9028s,3.008 μs,GPU 0,Stream 7
"void dgl::aten::cuda::SpMMCsrKernel<long, float, dgl::aten::cuda::binary::CopyRhs<float>, dgl::aten::cuda::reduce::Max<long, float, (bool)0>, (bool)0, (bool)1>(const T2 *, const T2 *, T2 *, T1 *, T1 *, const T1 *, const T1 *, const T1 *, long, long, const long *, const long *, long, long, long)",4.9028s,19.552 μs,GPU 0,Stream 7
"void at::native::vectorized_elementwise_kernel<(int)4, at::native::FillFunctor<float>, at::detail::Array<char *, (int)1>>(int, T2, T3)",4.90282s,2.400 μs,GPU 0,Stream 7
"void dgl::aten::cuda::SDDMMCooKernel<long, float, dgl::aten::cuda::binary::Sub<float>, (bool)0, (bool)0, (int)1, (int)2>(const T2 *, const T2 *, T2 *, const T1 *, const T1 *, const T1 *, long, long, long, long, const long *, const long *, long, long, long)",4.90283s,4.320 μs,GPU 0,Stream 7
"void at::native::vectorized_elementwise_kernel<(int)4, at::native::exp_kernel_cuda(at::TensorIteratorBase &)::[lambda() (instance 2)]::operator ()() const::[lambda() (instance 4)]::operator ()() const::[lambda(float) (instance 1)], at::detail::Array<char *, (int)2>>(int, T2, T3)",4.90283s,2.976 μs,GPU 0,Stream 7
"void at::native::vectorized_elementwise_kernel<(int)4, at::native::FillFunctor<float>, at::detail::Array<char *, (int)1>>(int, T2, T3)",4.90284s,2.304 μs,GPU 0,Stream 7
"void dgl::aten::cuda::SpMMCsrKernel<long, float, dgl::aten::cuda::binary::CopyRhs<float>, dgl::aten::cuda::reduce::Sum<long, float, (bool)0>, (bool)0, (bool)1>(const T2 *, const T2 *, T2 *, T1 *, T1 *, const T1 *, const T1 *, const T1 *, long, long, const long *, const long *, long, long, long)",4.90284s,16.960 μs,GPU 0,Stream 7
"void at::native::vectorized_elementwise_kernel<(int)4, at::native::FillFunctor<float>, at::detail::Array<char *, (int)1>>(int, T2, T3)",4.90286s,2.400 μs,GPU 0,Stream 7
"void dgl::aten::cuda::SDDMMCooKernel<long, float, dgl::aten::cuda::binary::Div<float>, (bool)0, (bool)0, (int)1, (int)2>(const T2 *, const T2 *, T2 *, const T1 *, const T1 *, const T1 *, long, long, long, long, const long *, const long *, long, long, long)",4.90286s,4.384 μs,GPU 0,Stream 7
ampere_sgemm_32x32_sliced1x4_tn,4.90287s,7.776 μs,GPU 0,Stream 7
"void splitKreduce_kernel<(int)32, (int)16, int, float, float, float, float, (bool)1, (bool)1, (bool)0>(cublasSplitKParams<T6>, const T4 *, const T5 *, T5 *, const T6 *, const T6 *, const T7 *, const T4 *, T7 *, void *, long, T6 *, int *)",4.90288s,3.456 μs,GPU 0,Stream 7
ampere_sgemm_32x32_sliced1x4_tn,4.90288s,7.456 μs,GPU 0,Stream 7
"void splitKreduce_kernel<(int)32, (int)16, int, float, float, float, float, (bool)1, (bool)1, (bool)0>(cublasSplitKParams<T6>, const T4 *, const T5 *, T5 *, const T6 *, const T6 *, const T7 *, const T4 *, T7 *, void *, long, T6 *, int *)",4.90289s,3.360 μs,GPU 0,Stream 7
ampere_sgemm_128x64_tn,4.90289s,153.472 μs,GPU 0,Stream 7
ampere_sgemm_128x128_nn,4.90305s,16.416 μs,GPU 0,Stream 7
ampere_sgemm_128x128_nn,4.90306s,15.967 μs,GPU 0,Stream 7
"void at::native::vectorized_elementwise_kernel<(int)4, at::native::FillFunctor<float>, at::detail::Array<char *, (int)1>>(int, T2, T3)",4.90308s,2.273 μs,GPU 0,Stream 7
"void at::native::elementwise_kernel<(int)128, (int)2, void at::native::gpu_kernel_impl<at::native::<unnamed>::direct_copy_kernel_cuda(at::TensorIteratorBase &)::[lambda() (instance 2)]::operator ()() const::[lambda() (instance 8)]::operator ()() const::[lambda(float) (instance 1)]>(at::TensorIteratorBase &, const T1 &)::[lambda(int) (instance 1)]>(int, T3)",4.90308s,3.328 μs,GPU 0,Stream 7
"void dgl::aten::cuda::SDDMMCooTreeReduceKernel<long, float, (bool)0, (bool)0, (int)2, (int)0>(const T2 *, const T2 *, T2 *, const T1 *, const T1 *, const T1 *, long, long, long, long, const long *, const long *, long, long, long)",4.90309s,22.720 μs,GPU 0,Stream 7
"void at::native::reduce_kernel<(int)128, (int)4, at::native::ReduceOp<float, at::native::func_wrapper_t<float, at::native::sum_functor<float, float, float>::operator ()(at::TensorIterator &)::[lambda(float, float) (instance 1)]>, unsigned int, float, (int)4>>(T3)",4.90311s,6.176 μs,GPU 0,Stream 7
"void at::native::elementwise_kernel<(int)128, (int)2, void at::native::gpu_kernel_impl<at::native::BinaryFunctor<float, float, float, at::native::MulFunctor<float>>>(at::TensorIteratorBase &, const T1 &)::[lambda(int) (instance 1)]>(int, T3)",4.90312s,3.808 μs,GPU 0,Stream 7
"void at::native::vectorized_elementwise_kernel<(int)4, at::native::BUnaryFunctor<float, float, float, at::native::MulFunctor<float>>, at::detail::Array<char *, (int)2>>(int, T2, T3)",4.90312s,2.559 μs,GPU 0,Stream 7
"void at::native::vectorized_elementwise_kernel<(int)4, at::native::FillFunctor<float>, at::detail::Array<char *, (int)1>>(int, T2, T3)",4.90313s,2.240 μs,GPU 0,Stream 7
"void at::native::vectorized_elementwise_kernel<(int)4, at::native::FillFunctor<long>, at::detail::Array<char *, (int)1>>(int, T2, T3)",4.90313s,2.688 μs,GPU 0,Stream 7
"void dgl::aten::cuda::SpMMCsrKernel<long, float, dgl::aten::cuda::binary::CopyRhs<float>, dgl::aten::cuda::reduce::Max<long, float, (bool)0>, (bool)0, (bool)1>(const T2 *, const T2 *, T2 *, T1 *, T1 *, const T1 *, const T1 *, const T1 *, long, long, const long *, const long *, long, long, long)",4.90313s,4.128 μs,GPU 0,Stream 7
"void at::native::vectorized_elementwise_kernel<(int)4, at::native::FillFunctor<float>, at::detail::Array<char *, (int)1>>(int, T2, T3)",4.90314s,2.240 μs,GPU 0,Stream 7
"void dgl::aten::cuda::SDDMMCooKernel<long, float, dgl::aten::cuda::binary::Sub<float>, (bool)0, (bool)0, (int)1, (int)2>(const T2 *, const T2 *, T2 *, const T1 *, const T1 *, const T1 *, long, long, long, long, const long *, const long *, long, long, long)",4.90314s,3.072 μs,GPU 0,Stream 7
"void at::native::vectorized_elementwise_kernel<(int)4, at::native::exp_kernel_cuda(at::TensorIteratorBase &)::[lambda() (instance 2)]::operator ()() const::[lambda() (instance 4)]::operator ()() const::[lambda(float) (instance 1)], at::detail::Array<char *, (int)2>>(int, T2, T3)",4.90315s,2.720 μs,GPU 0,Stream 7
"void at::native::vectorized_elementwise_kernel<(int)4, at::native::FillFunctor<float>, at::detail::Array<char *, (int)1>>(int, T2, T3)",4.90315s,2.272 μs,GPU 0,Stream 7
"void dgl::aten::cuda::SpMMCsrKernel<long, float, dgl::aten::cuda::binary::CopyRhs<float>, dgl::aten::cuda::reduce::Sum<long, float, (bool)0>, (bool)0, (bool)1>(const T2 *, const T2 *, T2 *, T1 *, T1 *, const T1 *, const T1 *, const T1 *, long, long, const long *, const long *, long, long, long)",4.90315s,3.552 μs,GPU 0,Stream 7
"void at::native::vectorized_elementwise_kernel<(int)4, at::native::FillFunctor<float>, at::detail::Array<char *, (int)1>>(int, T2, T3)",4.90316s,2.240 μs,GPU 0,Stream 7
"void dgl::aten::cuda::SDDMMCooKernel<long, float, dgl::aten::cuda::binary::Div<float>, (bool)0, (bool)0, (int)1, (int)2>(const T2 *, const T2 *, T2 *, const T1 *, const T1 *, const T1 *, long, long, long, long, const long *, const long *, long, long, long)",4.90317s,3.264 μs,GPU 0,Stream 7
"void at::native::vectorized_elementwise_kernel<(int)4, at::native::FillFunctor<float>, at::detail::Array<char *, (int)1>>(int, T2, T3)",4.90338s,15.264 μs,GPU 0,Stream 7
"void at::native::elementwise_kernel<(int)128, (int)2, void at::native::gpu_kernel_impl<at::native::<unnamed>::direct_copy_kernel_cuda(at::TensorIteratorBase &)::[lambda() (instance 2)]::operator ()() const::[lambda() (instance 8)]::operator ()() const::[lambda(float) (instance 1)]>(at::TensorIteratorBase &, const T1 &)::[lambda(int) (instance 1)]>(int, T3)",4.90341s,46.912 μs,GPU 0,Stream 7
"void dgl::aten::cuda::SpMMCsrKernel<long, float, dgl::aten::cuda::binary::Mul<float>, dgl::aten::cuda::reduce::Sum<long, float, (bool)0>, (bool)1, (bool)1>(const T2 *, const T2 *, T2 *, T1 *, T1 *, const T1 *, const T1 *, const T1 *, long, long, const long *, const long *, long, long, long)",4.90347s,91.808 μs,GPU 0,Stream 7
"void at::native::vectorized_elementwise_kernel<(int)4, at::native::FillFunctor<float>, at::detail::Array<char *, (int)1>>(int, T2, T3)",4.90357s,15.712 μs,GPU 0,Stream 7
"void at::native::elementwise_kernel<(int)128, (int)2, void at::native::gpu_kernel_impl<at::native::<unnamed>::direct_copy_kernel_cuda(at::TensorIteratorBase &)::[lambda() (instance 2)]::operator ()() const::[lambda() (instance 8)]::operator ()() const::[lambda(float) (instance 1)]>(at::TensorIteratorBase &, const T1 &)::[lambda(int) (instance 1)]>(int, T3)",4.9036s,34.144 μs,GPU 0,Stream 7
"void dgl::aten::cuda::SpMMCsrKernel<long, float, dgl::aten::cuda::binary::Mul<float>, dgl::aten::cuda::reduce::Sum<long, float, (bool)0>, (bool)1, (bool)1>(const T2 *, const T2 *, T2 *, T1 *, T1 *, const T1 *, const T1 *, const T1 *, long, long, const long *, const long *, long, long, long)",4.90365s,78.400 μs,GPU 0,Stream 7
"void at::native::vectorized_elementwise_kernel<(int)4, at::native::FillFunctor<float>, at::detail::Array<char *, (int)1>>(int, T2, T3)",4.90374s,16.320 μs,GPU 0,Stream 7
"void at::native::elementwise_kernel<(int)128, (int)2, void at::native::gpu_kernel_impl<at::native::<unnamed>::direct_copy_kernel_cuda(at::TensorIteratorBase &)::[lambda() (instance 2)]::operator ()() const::[lambda() (instance 8)]::operator ()() const::[lambda(float) (instance 1)]>(at::TensorIteratorBase &, const T1 &)::[lambda(int) (instance 1)]>(int, T3)",4.90377s,35.136 μs,GPU 0,Stream 7
"void dgl::aten::cuda::SpMMCsrKernel<long, float, dgl::aten::cuda::binary::Mul<float>, dgl::aten::cuda::reduce::Sum<long, float, (bool)0>, (bool)1, (bool)1>(const T2 *, const T2 *, T2 *, T1 *, T1 *, const T1 *, const T1 *, const T1 *, long, long, const long *, const long *, long, long, long)",4.90382s,104.672 μs,GPU 0,Stream 7
"void at::native::vectorized_elementwise_kernel<(int)4, at::native::FillFunctor<float>, at::detail::Array<char *, (int)1>>(int, T2, T3)",4.904s,2.720 μs,GPU 0,Stream 7
"void at::native::elementwise_kernel<(int)128, (int)2, void at::native::gpu_kernel_impl<at::native::<unnamed>::direct_copy_kernel_cuda(at::TensorIteratorBase &)::[lambda() (instance 2)]::operator ()() const::[lambda() (instance 8)]::operator ()() const::[lambda(float) (instance 1)]>(at::TensorIteratorBase &, const T1 &)::[lambda(int) (instance 1)]>(int, T3)",4.90403s,34.111 μs,GPU 0,Stream 7
"void dgl::aten::cuda::SpMMCsrKernel<long, float, dgl::aten::cuda::binary::Mul<float>, dgl::aten::cuda::reduce::Sum<long, float, (bool)0>, (bool)1, (bool)1>(const T2 *, const T2 *, T2 *, T1 *, T1 *, const T1 *, const T1 *, const T1 *, long, long, const long *, const long *, long, long, long)",4.90408s,708.447 μs,GPU 0,Stream 7
"void at::native::vectorized_elementwise_kernel<(int)4, at::native::FillFunctor<float>, at::detail::Array<char *, (int)1>>(int, T2, T3)",4.90479s,20.448 μs,GPU 0,Stream 7
"void at::native::elementwise_kernel<(int)128, (int)2, void at::native::gpu_kernel_impl<at::native::<unnamed>::direct_copy_kernel_cuda(at::TensorIteratorBase &)::[lambda() (instance 2)]::operator ()() const::[lambda() (instance 8)]::operator ()() const::[lambda(float) (instance 1)]>(at::TensorIteratorBase &, const T1 &)::[lambda(int) (instance 1)]>(int, T3)",4.90481s,35.712 μs,GPU 0,Stream 7
"void dgl::aten::cuda::SpMMCsrKernel<long, float, dgl::aten::cuda::binary::Mul<float>, dgl::aten::cuda::reduce::Sum<long, float, (bool)0>, (bool)1, (bool)1>(const T2 *, const T2 *, T2 *, T1 *, T1 *, const T1 *, const T1 *, const T1 *, long, long, const long *, const long *, long, long, long)",4.90486s,117.344 μs,GPU 0,Stream 7
"void at::native::vectorized_elementwise_kernel<(int)4, at::native::FillFunctor<float>, at::detail::Array<char *, (int)1>>(int, T2, T3)",4.90504s,16.097 μs,GPU 0,Stream 7
"void at::native::elementwise_kernel<(int)128, (int)2, void at::native::gpu_kernel_impl<at::native::<unnamed>::direct_copy_kernel_cuda(at::TensorIteratorBase &)::[lambda() (instance 2)]::operator ()() const::[lambda() (instance 8)]::operator ()() const::[lambda(float) (instance 1)]>(at::TensorIteratorBase &, const T1 &)::[lambda(int) (instance 1)]>(int, T3)",4.90506s,3.904 μs,GPU 0,Stream 7
"void dgl::aten::cuda::SpMMCsrKernel<long, float, dgl::aten::cuda::binary::Mul<float>, dgl::aten::cuda::reduce::Sum<long, float, (bool)0>, (bool)1, (bool)1>(const T2 *, const T2 *, T2 *, T1 *, T1 *, const T1 *, const T1 *, const T1 *, long, long, const long *, const long *, long, long, long)",4.90511s,71.680 μs,GPU 0,Stream 7
"void at::native::<unnamed>::CatArrayBatchedCopy<float, unsigned int, (int)3, (int)128, (int)1>(T1 *, at::native::<unnamed>::CatArrInputTensorMetadata<T1, T2, T4, T5>, at::native::<unnamed>::TensorSizeStride<T2, (unsigned int)4>, int, T2)",4.90518s,127.616 μs,GPU 0,Stream 7
"void at::native::reduce_kernel<(int)128, (int)4, at::native::ReduceOp<float, at::native::MeanOps<float, float>, unsigned int, float, (int)4>>(T3)",4.90531s,80.672 μs,GPU 0,Stream 7
"void at::native::vectorized_elementwise_kernel<(int)4, at::native::sigmoid_kernel_cuda(at::TensorIteratorBase &)::[lambda() (instance 2)]::operator ()() const::[lambda() (instance 4)]::operator ()() const::[lambda(float) (instance 1)], at::detail::Array<char *, (int)2>>(int, T2, T3)",4.90539s,3.296 μs,GPU 0,Stream 7
ampere_sgemm_128x64_tn,4.9054s,203.071 μs,GPU 0,Stream 7
"void at::native::<unnamed>::fused_dropout_kernel_vec<float, float, unsigned int, (int)1, (int)4, bool>(at::cuda::detail::TensorInfo<T1, T3>, at::cuda::detail::TensorInfo<T1, T3>, at::cuda::detail::TensorInfo<T6, T3>, T3, T2, at::PhiloxCudaState)",4.9056s,53.408 μs,GPU 0,Stream 7
"void at::native::elementwise_kernel<(int)128, (int)2, void at::native::gpu_kernel_impl<at::native::BinaryFunctor<float, float, float, at::native::MulFunctor<float>>>(at::TensorIteratorBase &, const T1 &)::[lambda(int) (instance 1)]>(int, T3)",4.90566s,45.536 μs,GPU 0,Stream 7
"void at::native::vectorized_elementwise_kernel<(int)4, at::native::CUDAFunctorOnOther_add<float>, at::detail::Array<char *, (int)2>>(int, T2, T3)",4.9057s,3.008 μs,GPU 0,Stream 7
"void at::native::elementwise_kernel<(int)128, (int)2, void at::native::gpu_kernel_impl<at::native::BinaryFunctor<float, float, float, at::native::MulFunctor<float>>>(at::TensorIteratorBase &, const T1 &)::[lambda(int) (instance 1)]>(int, T3)",4.90571s,45.536 μs,GPU 0,Stream 7
"void at::native::vectorized_elementwise_kernel<(int)4, at::native::CUDAFunctor_add<float>, at::detail::Array<char *, (int)3>>(int, T2, T3)",4.90575s,66.048 μs,GPU 0,Stream 7
"void at::native::<unnamed>::vectorized_layer_norm_kernel<float, float>(int, T2, const T1 *, const T1 *, const T1 *, T2 *, T2 *, T1 *)",4.90582s,77.600 μs,GPU 0,Stream 7
"void at::native::unrolled_elementwise_kernel<at::native::sigmoid_kernel_cuda(at::TensorIteratorBase &)::[lambda() (instance 2)]::operator ()() const::[lambda() (instance 4)]::operator ()() const::[lambda(float) (instance 1)], at::detail::Array<char *, (int)2>, TrivialOffsetCalculator<(int)1, unsigned int>, TrivialOffsetCalculator<(int)1, unsigned int>, at::native::memory::LoadWithoutCast, at::native::memory::StoreWithoutCast>(int, T1, T2, T3, T4, T5, T6)",4.9059s,3.200 μs,GPU 0,Stream 7
ampere_sgemm_128x64_tn,4.9059s,154.015 μs,GPU 0,Stream 7
"void at::native::<unnamed>::fused_dropout_kernel_vec<float, float, unsigned int, (int)1, (int)4, bool>(at::cuda::detail::TensorInfo<T1, T3>, at::cuda::detail::TensorInfo<T1, T3>, at::cuda::detail::TensorInfo<T6, T3>, T3, T2, at::PhiloxCudaState)",4.90606s,39.296 μs,GPU 0,Stream 7
"void at::native::elementwise_kernel<(int)128, (int)2, void at::native::gpu_kernel_impl<at::native::BinaryFunctor<float, float, float, at::native::MulFunctor<float>>>(at::TensorIteratorBase &, const T1 &)::[lambda(int) (instance 1)]>(int, T3)",4.9061s,33.696 μs,GPU 0,Stream 7
"void at::native::vectorized_elementwise_kernel<(int)4, at::native::CUDAFunctorOnOther_add<float>, at::detail::Array<char *, (int)2>>(int, T2, T3)",4.90613s,2.976 μs,GPU 0,Stream 7
"void at::native::elementwise_kernel<(int)128, (int)2, void at::native::gpu_kernel_impl<at::native::BinaryFunctor<float, float, float, at::native::MulFunctor<float>>>(at::TensorIteratorBase &, const T1 &)::[lambda(int) (instance 1)]>(int, T3)",4.90614s,34.048 μs,GPU 0,Stream 7
"void at::native::vectorized_elementwise_kernel<(int)4, at::native::CUDAFunctor_add<float>, at::detail::Array<char *, (int)3>>(int, T2, T3)",4.90617s,48.224 μs,GPU 0,Stream 7
"void at::native::<unnamed>::vectorized_layer_norm_kernel<float, float>(int, T2, const T1 *, const T1 *, const T1 *, T2 *, T2 *, T1 *)",4.90622s,56.992 μs,GPU 0,Stream 7
"void at::native::vectorized_elementwise_kernel<(int)2, at::native::sigmoid_kernel_cuda(at::TensorIteratorBase &)::[lambda() (instance 2)]::operator ()() const::[lambda() (instance 4)]::operator ()() const::[lambda(float) (instance 1)], at::detail::Array<char *, (int)2>>(int, T2, T3)",4.90628s,3.360 μs,GPU 0,Stream 7
ampere_sgemm_32x32_sliced1x4_tn,4.90628s,8.224 μs,GPU 0,Stream 7
"void splitKreduce_kernel<(int)32, (int)16, int, float, float, float, float, (bool)1, (bool)1, (bool)0>(cublasSplitKParams<T6>, const T4 *, const T5 *, T5 *, const T6 *, const T6 *, const T7 *, const T4 *, T7 *, void *, long, T6 *, int *)",4.90629s,3.520 μs,GPU 0,Stream 7
"void at::native::<unnamed>::fused_dropout_kernel_vec<float, float, unsigned int, (int)1, (int)4, bool>(at::cuda::detail::TensorInfo<T1, T3>, at::cuda::detail::TensorInfo<T1, T3>, at::cuda::detail::TensorInfo<T6, T3>, T3, T2, at::PhiloxCudaState)",4.9063s,3.520 μs,GPU 0,Stream 7
"void at::native::elementwise_kernel<(int)128, (int)2, void at::native::gpu_kernel_impl<at::native::BinaryFunctor<float, float, float, at::native::MulFunctor<float>>>(at::TensorIteratorBase &, const T1 &)::[lambda(int) (instance 1)]>(int, T3)",4.9063s,3.296 μs,GPU 0,Stream 7
"void at::native::vectorized_elementwise_kernel<(int)4, at::native::CUDAFunctorOnOther_add<float>, at::detail::Array<char *, (int)2>>(int, T2, T3)",4.9063s,2.336 μs,GPU 0,Stream 7
"void at::native::elementwise_kernel<(int)128, (int)2, void at::native::gpu_kernel_impl<at::native::BinaryFunctor<float, float, float, at::native::MulFunctor<float>>>(at::TensorIteratorBase &, const T1 &)::[lambda(int) (instance 1)]>(int, T3)",4.90631s,3.424 μs,GPU 0,Stream 7
"void at::native::vectorized_elementwise_kernel<(int)4, at::native::CUDAFunctor_add<float>, at::detail::Array<char *, (int)3>>(int, T2, T3)",4.90631s,2.432 μs,GPU 0,Stream 7
"void at::native::<unnamed>::vectorized_layer_norm_kernel<float, float>(int, T2, const T1 *, const T1 *, const T1 *, T2 *, T2 *, T1 *)",4.90632s,5.344 μs,GPU 0,Stream 7
ampere_sgemm_128x64_tn,4.90632s,203.264 μs,GPU 0,Stream 7
ampere_sgemm_128x64_tn,4.90653s,204.191 μs,GPU 0,Stream 7
ampere_sgemm_128x64_tn,4.90673s,153.600 μs,GPU 0,Stream 7
ampere_sgemm_128x128_nn,4.90689s,87.936 μs,GPU 0,Stream 7
ampere_sgemm_128x128_nn,4.90697s,87.839 μs,GPU 0,Stream 7
"void at::native::vectorized_elementwise_kernel<(int)4, at::native::FillFunctor<float>, at::detail::Array<char *, (int)1>>(int, T2, T3)",4.90706s,3.552 μs,GPU 0,Stream 7
"void at::native::elementwise_kernel<(int)128, (int)2, void at::native::gpu_kernel_impl<at::native::<unnamed>::direct_copy_kernel_cuda(at::TensorIteratorBase &)::[lambda() (instance 2)]::operator ()() const::[lambda() (instance 8)]::operator ()() const::[lambda(float) (instance 1)]>(at::TensorIteratorBase &, const T1 &)::[lambda(int) (instance 1)]>(int, T3)",4.90707s,46.560 μs,GPU 0,Stream 7
"void dgl::aten::cuda::SDDMMCooTreeReduceKernel<long, float, (bool)0, (bool)0, (int)2, (int)0>(const T2 *, const T2 *, T2 *, const T1 *, const T1 *, const T1 *, long, long, long, long, const long *, const long *, long, long, long)",4.90712s,64.384 μs,GPU 0,Stream 7
"void at::native::reduce_kernel<(int)128, (int)4, at::native::ReduceOp<float, at::native::func_wrapper_t<float, at::native::sum_functor<float, float, float>::operator ()(at::TensorIterator &)::[lambda(float, float) (instance 1)]>, unsigned int, float, (int)4>>(T3)",4.90718s,7.328 μs,GPU 0,Stream 7
"void at::native::elementwise_kernel<(int)128, (int)2, void at::native::gpu_kernel_impl<at::native::BinaryFunctor<float, float, float, at::native::MulFunctor<float>>>(at::TensorIteratorBase &, const T1 &)::[lambda(int) (instance 1)]>(int, T3)",4.90719s,4.224 μs,GPU 0,Stream 7
"void at::native::vectorized_elementwise_kernel<(int)4, at::native::BUnaryFunctor<float, float, float, at::native::MulFunctor<float>>, at::detail::Array<char *, (int)2>>(int, T2, T3)",4.90719s,2.912 μs,GPU 0,Stream 7
"void at::native::vectorized_elementwise_kernel<(int)4, at::native::FillFunctor<float>, at::detail::Array<char *, (int)1>>(int, T2, T3)",4.9072s,2.272 μs,GPU 0,Stream 7
"void at::native::vectorized_elementwise_kernel<(int)4, at::native::FillFunctor<long>, at::detail::Array<char *, (int)1>>(int, T2, T3)",4.9072s,2.688 μs,GPU 0,Stream 7
"void dgl::aten::cuda::SpMMCsrKernel<long, float, dgl::aten::cuda::binary::CopyRhs<float>, dgl::aten::cuda::reduce::Max<long, float, (bool)0>, (bool)0, (bool)1>(const T2 *, const T2 *, T2 *, T1 *, T1 *, const T1 *, const T1 *, const T1 *, long, long, const long *, const long *, long, long, long)",4.90721s,7.520 μs,GPU 0,Stream 7
"void at::native::vectorized_elementwise_kernel<(int)4, at::native::FillFunctor<float>, at::detail::Array<char *, (int)1>>(int, T2, T3)",4.90721s,2.432 μs,GPU 0,Stream 7
"void dgl::aten::cuda::SDDMMCooKernel<long, float, dgl::aten::cuda::binary::Sub<float>, (bool)0, (bool)0, (int)1, (int)2>(const T2 *, const T2 *, T2 *, const T1 *, const T1 *, const T1 *, long, long, long, long, const long *, const long *, long, long, long)",4.90722s,4.352 μs,GPU 0,Stream 7
"void at::native::vectorized_elementwise_kernel<(int)4, at::native::exp_kernel_cuda(at::TensorIteratorBase &)::[lambda() (instance 2)]::operator ()() const::[lambda() (instance 4)]::operator ()() const::[lambda(float) (instance 1)], at::detail::Array<char *, (int)2>>(int, T2, T3)",4.90722s,3.008 μs,GPU 0,Stream 7
"void at::native::vectorized_elementwise_kernel<(int)4, at::native::FillFunctor<float>, at::detail::Array<char *, (int)1>>(int, T2, T3)",4.90723s,2.240 μs,GPU 0,Stream 7
"void dgl::aten::cuda::SpMMCsrKernel<long, float, dgl::aten::cuda::binary::CopyRhs<float>, dgl::aten::cuda::reduce::Sum<long, float, (bool)0>, (bool)0, (bool)1>(const T2 *, const T2 *, T2 *, T1 *, T1 *, const T1 *, const T1 *, const T1 *, long, long, const long *, const long *, long, long, long)",4.90723s,6.624 μs,GPU 0,Stream 7
"void at::native::vectorized_elementwise_kernel<(int)4, at::native::FillFunctor<float>, at::detail::Array<char *, (int)1>>(int, T2, T3)",4.90724s,2.432 μs,GPU 0,Stream 7
"void dgl::aten::cuda::SDDMMCooKernel<long, float, dgl::aten::cuda::binary::Div<float>, (bool)0, (bool)0, (int)1, (int)2>(const T2 *, const T2 *, T2 *, const T1 *, const T1 *, const T1 *, long, long, long, long, const long *, const long *, long, long, long)",4.90724s,4.384 μs,GPU 0,Stream 7
ampere_sgemm_128x64_tn,4.90725s,153.248 μs,GPU 0,Stream 7
ampere_sgemm_128x64_tn,4.9074s,152.959 μs,GPU 0,Stream 7
ampere_sgemm_128x64_tn,4.90755s,158.880 μs,GPU 0,Stream 7
ampere_sgemm_128x128_nn,4.90771s,66.272 μs,GPU 0,Stream 7
ampere_sgemm_128x128_nn,4.90778s,66.880 μs,GPU 0,Stream 7
"void at::native::vectorized_elementwise_kernel<(int)4, at::native::FillFunctor<float>, at::detail::Array<char *, (int)1>>(int, T2, T3)",4.90785s,3.360 μs,GPU 0,Stream 7
"void at::native::elementwise_kernel<(int)128, (int)2, void at::native::gpu_kernel_impl<at::native::<unnamed>::direct_copy_kernel_cuda(at::TensorIteratorBase &)::[lambda() (instance 2)]::operator ()() const::[lambda() (instance 8)]::operator ()() const::[lambda(float) (instance 1)]>(at::TensorIteratorBase &, const T1 &)::[lambda(int) (instance 1)]>(int, T3)",4.90785s,34.912 μs,GPU 0,Stream 7
"void dgl::aten::cuda::SDDMMCooTreeReduceKernel<long, float, (bool)0, (bool)0, (int)2, (int)0>(const T2 *, const T2 *, T2 *, const T1 *, const T1 *, const T1 *, long, long, long, long, const long *, const long *, long, long, long)",4.90789s,48.608 μs,GPU 0,Stream 7
"void at::native::reduce_kernel<(int)128, (int)4, at::native::ReduceOp<float, at::native::func_wrapper_t<float, at::native::sum_functor<float, float, float>::operator ()(at::TensorIterator &)::[lambda(float, float) (instance 1)]>, unsigned int, float, (int)4>>(T3)",4.90794s,6.816 μs,GPU 0,Stream 7
"void at::native::elementwise_kernel<(int)128, (int)2, void at::native::gpu_kernel_impl<at::native::BinaryFunctor<float, float, float, at::native::MulFunctor<float>>>(at::TensorIteratorBase &, const T1 &)::[lambda(int) (instance 1)]>(int, T3)",4.90795s,4.128 μs,GPU 0,Stream 7
"void at::native::vectorized_elementwise_kernel<(int)4, at::native::BUnaryFunctor<float, float, float, at::native::MulFunctor<float>>, at::detail::Array<char *, (int)2>>(int, T2, T3)",4.90795s,2.847 μs,GPU 0,Stream 7
"void at::native::vectorized_elementwise_kernel<(int)4, at::native::FillFunctor<float>, at::detail::Array<char *, (int)1>>(int, T2, T3)",4.90796s,2.273 μs,GPU 0,Stream 7
"void at::native::vectorized_elementwise_kernel<(int)4, at::native::FillFunctor<long>, at::detail::Array<char *, (int)1>>(int, T2, T3)",4.90796s,2.720 μs,GPU 0,Stream 7
"void dgl::aten::cuda::SpMMCsrKernel<long, float, dgl::aten::cuda::binary::CopyRhs<float>, dgl::aten::cuda::reduce::Max<long, float, (bool)0>, (bool)0, (bool)1>(const T2 *, const T2 *, T2 *, T1 *, T1 *, const T1 *, const T1 *, const T1 *, long, long, const long *, const long *, long, long, long)",4.90796s,8.896 μs,GPU 0,Stream 7
"void at::native::vectorized_elementwise_kernel<(int)4, at::native::FillFunctor<float>, at::detail::Array<char *, (int)1>>(int, T2, T3)",4.90797s,2.368 μs,GPU 0,Stream 7
"void dgl::aten::cuda::SDDMMCooKernel<long, float, dgl::aten::cuda::binary::Sub<float>, (bool)0, (bool)0, (int)1, (int)2>(const T2 *, const T2 *, T2 *, const T1 *, const T1 *, const T1 *, long, long, long, long, const long *, const long *, long, long, long)",4.90798s,3.744 μs,GPU 0,Stream 7
"void at::native::vectorized_elementwise_kernel<(int)4, at::native::exp_kernel_cuda(at::TensorIteratorBase &)::[lambda() (instance 2)]::operator ()() const::[lambda() (instance 4)]::operator ()() const::[lambda(float) (instance 1)], at::detail::Array<char *, (int)2>>(int, T2, T3)",4.90798s,2.912 μs,GPU 0,Stream 7
"void at::native::vectorized_elementwise_kernel<(int)4, at::native::FillFunctor<float>, at::detail::Array<char *, (int)1>>(int, T2, T3)",4.90798s,2.240 μs,GPU 0,Stream 7
"void dgl::aten::cuda::SpMMCsrKernel<long, float, dgl::aten::cuda::binary::CopyRhs<float>, dgl::aten::cuda::reduce::Sum<long, float, (bool)0>, (bool)0, (bool)1>(const T2 *, const T2 *, T2 *, T1 *, T1 *, const T1 *, const T1 *, const T1 *, long, long, const long *, const long *, long, long, long)",4.90799s,8.096 μs,GPU 0,Stream 7
"void at::native::vectorized_elementwise_kernel<(int)4, at::native::FillFunctor<float>, at::detail::Array<char *, (int)1>>(int, T2, T3)",4.908s,2.368 μs,GPU 0,Stream 7
"void dgl::aten::cuda::SDDMMCooKernel<long, float, dgl::aten::cuda::binary::Div<float>, (bool)0, (bool)0, (int)1, (int)2>(const T2 *, const T2 *, T2 *, const T1 *, const T1 *, const T1 *, long, long, long, long, const long *, const long *, long, long, long)",4.908s,3.808 μs,GPU 0,Stream 7
ampere_sgemm_128x64_tn,4.908s,153.312 μs,GPU 0,Stream 7
ampere_sgemm_128x64_tn,4.90816s,154.656 μs,GPU 0,Stream 7
ampere_sgemm_128x64_tn,4.90831s,153.311 μs,GPU 0,Stream 7
ampere_sgemm_128x128_nn,4.90847s,66.144 μs,GPU 0,Stream 7
ampere_sgemm_128x128_nn,4.90854s,65.888 μs,GPU 0,Stream 7
"void at::native::vectorized_elementwise_kernel<(int)4, at::native::FillFunctor<float>, at::detail::Array<char *, (int)1>>(int, T2, T3)",4.9086s,2.848 μs,GPU 0,Stream 7
"void at::native::elementwise_kernel<(int)128, (int)2, void at::native::gpu_kernel_impl<at::native::<unnamed>::direct_copy_kernel_cuda(at::TensorIteratorBase &)::[lambda() (instance 2)]::operator ()() const::[lambda() (instance 8)]::operator ()() const::[lambda(float) (instance 1)]>(at::TensorIteratorBase &, const T1 &)::[lambda(int) (instance 1)]>(int, T3)",4.90861s,34.592 μs,GPU 0,Stream 7
"void dgl::aten::cuda::SDDMMCooTreeReduceKernel<long, float, (bool)0, (bool)0, (int)2, (int)0>(const T2 *, const T2 *, T2 *, const T1 *, const T1 *, const T1 *, long, long, long, long, const long *, const long *, long, long, long)",4.90864s,48.544 μs,GPU 0,Stream 7
"void at::native::reduce_kernel<(int)128, (int)4, at::native::ReduceOp<float, at::native::func_wrapper_t<float, at::native::sum_functor<float, float, float>::operator ()(at::TensorIterator &)::[lambda(float, float) (instance 1)]>, unsigned int, float, (int)4>>(T3)",4.90869s,6.496 μs,GPU 0,Stream 7
"void at::native::elementwise_kernel<(int)128, (int)2, void at::native::gpu_kernel_impl<at::native::BinaryFunctor<float, float, float, at::native::MulFunctor<float>>>(at::TensorIteratorBase &, const T1 &)::[lambda(int) (instance 1)]>(int, T3)",4.9087s,4.160 μs,GPU 0,Stream 7
"void at::native::vectorized_elementwise_kernel<(int)4, at::native::BUnaryFunctor<float, float, float, at::native::MulFunctor<float>>, at::detail::Array<char *, (int)2>>(int, T2, T3)",4.9087s,2.816 μs,GPU 0,Stream 7
"void at::native::vectorized_elementwise_kernel<(int)4, at::native::FillFunctor<float>, at::detail::Array<char *, (int)1>>(int, T2, T3)",4.90871s,2.240 μs,GPU 0,Stream 7
"void at::native::vectorized_elementwise_kernel<(int)4, at::native::FillFunctor<long>, at::detail::Array<char *, (int)1>>(int, T2, T3)",4.90871s,2.784 μs,GPU 0,Stream 7
"void dgl::aten::cuda::SpMMCsrKernel<long, float, dgl::aten::cuda::binary::CopyRhs<float>, dgl::aten::cuda::reduce::Max<long, float, (bool)0>, (bool)0, (bool)1>(const T2 *, const T2 *, T2 *, T1 *, T1 *, const T1 *, const T1 *, const T1 *, long, long, const long *, const long *, long, long, long)",4.90872s,39.424 μs,GPU 0,Stream 7
"void at::native::vectorized_elementwise_kernel<(int)4, at::native::FillFunctor<float>, at::detail::Array<char *, (int)1>>(int, T2, T3)",4.90876s,2.368 μs,GPU 0,Stream 7
"void dgl::aten::cuda::SDDMMCooKernel<long, float, dgl::aten::cuda::binary::Sub<float>, (bool)0, (bool)0, (int)1, (int)2>(const T2 *, const T2 *, T2 *, const T1 *, const T1 *, const T1 *, long, long, long, long, const long *, const long *, long, long, long)",4.90876s,3.616 μs,GPU 0,Stream 7
"void at::native::vectorized_elementwise_kernel<(int)4, at::native::exp_kernel_cuda(at::TensorIteratorBase &)::[lambda() (instance 2)]::operator ()() const::[lambda() (instance 4)]::operator ()() const::[lambda(float) (instance 1)], at::detail::Array<char *, (int)2>>(int, T2, T3)",4.90876s,3.040 μs,GPU 0,Stream 7
"void at::native::vectorized_elementwise_kernel<(int)4, at::native::FillFunctor<float>, at::detail::Array<char *, (int)1>>(int, T2, T3)",4.90879s,2.240 μs,GPU 0,Stream 7
"void dgl::aten::cuda::SpMMCsrKernel<long, float, dgl::aten::cuda::binary::CopyRhs<float>, dgl::aten::cuda::reduce::Sum<long, float, (bool)0>, (bool)0, (bool)1>(const T2 *, const T2 *, T2 *, T1 *, T1 *, const T1 *, const T1 *, const T1 *, long, long, const long *, const long *, long, long, long)",4.90882s,30.688 μs,GPU 0,Stream 7
"void at::native::vectorized_elementwise_kernel<(int)4, at::native::FillFunctor<float>, at::detail::Array<char *, (int)1>>(int, T2, T3)",4.90885s,2.368 μs,GPU 0,Stream 7
"void dgl::aten::cuda::SDDMMCooKernel<long, float, dgl::aten::cuda::binary::Div<float>, (bool)0, (bool)0, (int)1, (int)2>(const T2 *, const T2 *, T2 *, const T1 *, const T1 *, const T1 *, long, long, long, long, const long *, const long *, long, long, long)",4.90887s,3.808 μs,GPU 0,Stream 7
ampere_sgemm_128x64_tn,4.90906s,154.240 μs,GPU 0,Stream 7
ampere_sgemm_128x64_tn,4.90921s,153.792 μs,GPU 0,Stream 7
ampere_sgemm_32x32_sliced1x4_tn,4.90937s,8.544 μs,GPU 0,Stream 7
"void splitKreduce_kernel<(int)32, (int)16, int, float, float, float, float, (bool)1, (bool)1, (bool)0>(cublasSplitKParams<T6>, const T4 *, const T5 *, T5 *, const T6 *, const T6 *, const T7 *, const T4 *, T7 *, void *, long, T6 *, int *)",4.90938s,3.776 μs,GPU 0,Stream 7
ampere_sgemm_128x128_nn,4.90938s,65.855 μs,GPU 0,Stream 7
ampere_sgemm_128x128_nn,4.90945s,66.943 μs,GPU 0,Stream 7
"void at::native::vectorized_elementwise_kernel<(int)4, at::native::FillFunctor<float>, at::detail::Array<char *, (int)1>>(int, T2, T3)",4.90952s,2.720 μs,GPU 0,Stream 7
"void at::native::elementwise_kernel<(int)128, (int)2, void at::native::gpu_kernel_impl<at::native::<unnamed>::direct_copy_kernel_cuda(at::TensorIteratorBase &)::[lambda() (instance 2)]::operator ()() const::[lambda() (instance 8)]::operator ()() const::[lambda(float) (instance 1)]>(at::TensorIteratorBase &, const T1 &)::[lambda(int) (instance 1)]>(int, T3)",4.90952s,33.920 μs,GPU 0,Stream 7
"void dgl::aten::cuda::SDDMMCooTreeReduceKernel<long, float, (bool)0, (bool)0, (int)2, (int)0>(const T2 *, const T2 *, T2 *, const T1 *, const T1 *, const T1 *, long, long, long, long, const long *, const long *, long, long, long)",4.90955s,23.232 μs,GPU 0,Stream 7
"void at::native::reduce_kernel<(int)128, (int)4, at::native::ReduceOp<float, at::native::func_wrapper_t<float, at::native::sum_functor<float, float, float>::operator ()(at::TensorIterator &)::[lambda(float, float) (instance 1)]>, unsigned int, float, (int)4>>(T3)",4.90959s,5.568 μs,GPU 0,Stream 7
"void at::native::elementwise_kernel<(int)128, (int)2, void at::native::gpu_kernel_impl<at::native::BinaryFunctor<float, float, float, at::native::MulFunctor<float>>>(at::TensorIteratorBase &, const T1 &)::[lambda(int) (instance 1)]>(int, T3)",4.90961s,3.776 μs,GPU 0,Stream 7
"void at::native::vectorized_elementwise_kernel<(int)4, at::native::BUnaryFunctor<float, float, float, at::native::MulFunctor<float>>, at::detail::Array<char *, (int)2>>(int, T2, T3)",4.90963s,2.560 μs,GPU 0,Stream 7
"void at::native::vectorized_elementwise_kernel<(int)4, at::native::FillFunctor<float>, at::detail::Array<char *, (int)1>>(int, T2, T3)",4.90968s,2.176 μs,GPU 0,Stream 7
"void at::native::vectorized_elementwise_kernel<(int)4, at::native::FillFunctor<long>, at::detail::Array<char *, (int)1>>(int, T2, T3)",4.9097s,2.240 μs,GPU 0,Stream 7
"void dgl::aten::cuda::SpMMCsrKernel<long, float, dgl::aten::cuda::binary::CopyRhs<float>, dgl::aten::cuda::reduce::Max<long, float, (bool)0>, (bool)0, (bool)1>(const T2 *, const T2 *, T2 *, T1 *, T1 *, const T1 *, const T1 *, const T1 *, long, long, const long *, const long *, long, long, long)",4.90973s,692.158 μs,GPU 0,Stream 7
"void at::native::vectorized_elementwise_kernel<(int)4, at::native::FillFunctor<float>, at::detail::Array<char *, (int)1>>(int, T2, T3)",4.91042s,2.240 μs,GPU 0,Stream 7
"void dgl::aten::cuda::SDDMMCooKernel<long, float, dgl::aten::cuda::binary::Sub<float>, (bool)0, (bool)0, (int)1, (int)2>(const T2 *, const T2 *, T2 *, const T1 *, const T1 *, const T1 *, long, long, long, long, const long *, const long *, long, long, long)",4.91042s,3.136 μs,GPU 0,Stream 7
"void at::native::vectorized_elementwise_kernel<(int)4, at::native::exp_kernel_cuda(at::TensorIteratorBase &)::[lambda() (instance 2)]::operator ()() const::[lambda() (instance 4)]::operator ()() const::[lambda(float) (instance 1)], at::detail::Array<char *, (int)2>>(int, T2, T3)",4.91043s,2.657 μs,GPU 0,Stream 7
"void at::native::vectorized_elementwise_kernel<(int)4, at::native::FillFunctor<float>, at::detail::Array<char *, (int)1>>(int, T2, T3)",4.91043s,2.304 μs,GPU 0,Stream 7
"void dgl::aten::cuda::SpMMCsrKernel<long, float, dgl::aten::cuda::binary::CopyRhs<float>, dgl::aten::cuda::reduce::Sum<long, float, (bool)0>, (bool)0, (bool)1>(const T2 *, const T2 *, T2 *, T1 *, T1 *, const T1 *, const T1 *, const T1 *, long, long, const long *, const long *, long, long, long)",4.91044s,524.351 μs,GPU 0,Stream 7
"void at::native::vectorized_elementwise_kernel<(int)4, at::native::FillFunctor<float>, at::detail::Array<char *, (int)1>>(int, T2, T3)",4.91096s,2.592 μs,GPU 0,Stream 7
"void dgl::aten::cuda::SDDMMCooKernel<long, float, dgl::aten::cuda::binary::Div<float>, (bool)0, (bool)0, (int)1, (int)2>(const T2 *, const T2 *, T2 *, const T1 *, const T1 *, const T1 *, long, long, long, long, const long *, const long *, long, long, long)",4.91096s,3.392 μs,GPU 0,Stream 7
ampere_sgemm_128x64_tn,4.91097s,153.824 μs,GPU 0,Stream 7
ampere_sgemm_128x64_tn,4.91112s,154.112 μs,GPU 0,Stream 7
ampere_sgemm_128x64_tn,4.91128s,204.447 μs,GPU 0,Stream 7
ampere_sgemm_128x128_nn,4.91148s,66.912 μs,GPU 0,Stream 7
ampere_sgemm_128x128_nn,4.91155s,66.848 μs,GPU 0,Stream 7
"void at::native::vectorized_elementwise_kernel<(int)4, at::native::FillFunctor<float>, at::detail::Array<char *, (int)1>>(int, T2, T3)",4.91162s,3.200 μs,GPU 0,Stream 7
"void at::native::elementwise_kernel<(int)128, (int)2, void at::native::gpu_kernel_impl<at::native::<unnamed>::direct_copy_kernel_cuda(at::TensorIteratorBase &)::[lambda() (instance 2)]::operator ()() const::[lambda() (instance 8)]::operator ()() const::[lambda(float) (instance 1)]>(at::TensorIteratorBase &, const T1 &)::[lambda(int) (instance 1)]>(int, T3)",4.91162s,34.176 μs,GPU 0,Stream 7
"void dgl::aten::cuda::SDDMMCooTreeReduceKernel<long, float, (bool)0, (bool)0, (int)2, (int)0>(const T2 *, const T2 *, T2 *, const T1 *, const T1 *, const T1 *, long, long, long, long, const long *, const long *, long, long, long)",4.91166s,63.936 μs,GPU 0,Stream 7
"void at::native::reduce_kernel<(int)128, (int)4, at::native::ReduceOp<float, at::native::func_wrapper_t<float, at::native::sum_functor<float, float, float>::operator ()(at::TensorIterator &)::[lambda(float, float) (instance 1)]>, unsigned int, float, (int)4>>(T3)",4.91172s,6.816 μs,GPU 0,Stream 7
"void at::native::elementwise_kernel<(int)128, (int)2, void at::native::gpu_kernel_impl<at::native::BinaryFunctor<float, float, float, at::native::MulFunctor<float>>>(at::TensorIteratorBase &, const T1 &)::[lambda(int) (instance 1)]>(int, T3)",4.91173s,4.224 μs,GPU 0,Stream 7
"void at::native::vectorized_elementwise_kernel<(int)4, at::native::BUnaryFunctor<float, float, float, at::native::MulFunctor<float>>, at::detail::Array<char *, (int)2>>(int, T2, T3)",4.91174s,2.944 μs,GPU 0,Stream 7
"void at::native::vectorized_elementwise_kernel<(int)4, at::native::FillFunctor<float>, at::detail::Array<char *, (int)1>>(int, T2, T3)",4.91174s,2.400 μs,GPU 0,Stream 7
"void at::native::vectorized_elementwise_kernel<(int)4, at::native::FillFunctor<long>, at::detail::Array<char *, (int)1>>(int, T2, T3)",4.91174s,3.040 μs,GPU 0,Stream 7
"void dgl::aten::cuda::SpMMCsrKernel<long, float, dgl::aten::cuda::binary::CopyRhs<float>, dgl::aten::cuda::reduce::Max<long, float, (bool)0>, (bool)0, (bool)1>(const T2 *, const T2 *, T2 *, T1 *, T1 *, const T1 *, const T1 *, const T1 *, long, long, const long *, const long *, long, long, long)",4.91175s,19.552 μs,GPU 0,Stream 7
"void at::native::vectorized_elementwise_kernel<(int)4, at::native::FillFunctor<float>, at::detail::Array<char *, (int)1>>(int, T2, T3)",4.91177s,2.432 μs,GPU 0,Stream 7
"void dgl::aten::cuda::SDDMMCooKernel<long, float, dgl::aten::cuda::binary::Sub<float>, (bool)0, (bool)0, (int)1, (int)2>(const T2 *, const T2 *, T2 *, const T1 *, const T1 *, const T1 *, long, long, long, long, const long *, const long *, long, long, long)",4.91177s,4.224 μs,GPU 0,Stream 7
"void at::native::vectorized_elementwise_kernel<(int)4, at::native::exp_kernel_cuda(at::TensorIteratorBase &)::[lambda() (instance 2)]::operator ()() const::[lambda() (instance 4)]::operator ()() const::[lambda(float) (instance 1)], at::detail::Array<char *, (int)2>>(int, T2, T3)",4.91178s,3.008 μs,GPU 0,Stream 7
"void at::native::vectorized_elementwise_kernel<(int)4, at::native::FillFunctor<float>, at::detail::Array<char *, (int)1>>(int, T2, T3)",4.91178s,2.304 μs,GPU 0,Stream 7
"void dgl::aten::cuda::SpMMCsrKernel<long, float, dgl::aten::cuda::binary::CopyRhs<float>, dgl::aten::cuda::reduce::Sum<long, float, (bool)0>, (bool)0, (bool)1>(const T2 *, const T2 *, T2 *, T1 *, T1 *, const T1 *, const T1 *, const T1 *, long, long, const long *, const long *, long, long, long)",4.91178s,17.024 μs,GPU 0,Stream 7
"void at::native::vectorized_elementwise_kernel<(int)4, at::native::FillFunctor<float>, at::detail::Array<char *, (int)1>>(int, T2, T3)",4.9118s,2.400 μs,GPU 0,Stream 7
"void dgl::aten::cuda::SDDMMCooKernel<long, float, dgl::aten::cuda::binary::Div<float>, (bool)0, (bool)0, (int)1, (int)2>(const T2 *, const T2 *, T2 *, const T1 *, const T1 *, const T1 *, long, long, long, long, const long *, const long *, long, long, long)",4.91181s,4.352 μs,GPU 0,Stream 7
ampere_sgemm_32x32_sliced1x4_tn,4.91181s,7.969 μs,GPU 0,Stream 7
"void splitKreduce_kernel<(int)32, (int)16, int, float, float, float, float, (bool)1, (bool)1, (bool)0>(cublasSplitKParams<T6>, const T4 *, const T5 *, T5 *, const T6 *, const T6 *, const T7 *, const T4 *, T7 *, void *, long, T6 *, int *)",4.91182s,3.488 μs,GPU 0,Stream 7
ampere_sgemm_32x32_sliced1x4_tn,4.91182s,7.488 μs,GPU 0,Stream 7
"void splitKreduce_kernel<(int)32, (int)16, int, float, float, float, float, (bool)1, (bool)1, (bool)0>(cublasSplitKParams<T6>, const T4 *, const T5 *, T5 *, const T6 *, const T6 *, const T7 *, const T4 *, T7 *, void *, long, T6 *, int *)",4.91183s,3.328 μs,GPU 0,Stream 7
ampere_sgemm_128x64_tn,4.91184s,154.207 μs,GPU 0,Stream 7
ampere_sgemm_128x128_nn,4.91199s,16.416 μs,GPU 0,Stream 7
ampere_sgemm_128x128_nn,4.91201s,16.160 μs,GPU 0,Stream 7
"void at::native::vectorized_elementwise_kernel<(int)4, at::native::FillFunctor<float>, at::detail::Array<char *, (int)1>>(int, T2, T3)",4.91203s,2.336 μs,GPU 0,Stream 7
"void at::native::elementwise_kernel<(int)128, (int)2, void at::native::gpu_kernel_impl<at::native::<unnamed>::direct_copy_kernel_cuda(at::TensorIteratorBase &)::[lambda() (instance 2)]::operator ()() const::[lambda() (instance 8)]::operator ()() const::[lambda(float) (instance 1)]>(at::TensorIteratorBase &, const T1 &)::[lambda(int) (instance 1)]>(int, T3)",4.91203s,3.328 μs,GPU 0,Stream 7
"void dgl::aten::cuda::SDDMMCooTreeReduceKernel<long, float, (bool)0, (bool)0, (int)2, (int)0>(const T2 *, const T2 *, T2 *, const T1 *, const T1 *, const T1 *, long, long, long, long, const long *, const long *, long, long, long)",4.91203s,23.072 μs,GPU 0,Stream 7
"void at::native::reduce_kernel<(int)128, (int)4, at::native::ReduceOp<float, at::native::func_wrapper_t<float, at::native::sum_functor<float, float, float>::operator ()(at::TensorIterator &)::[lambda(float, float) (instance 1)]>, unsigned int, float, (int)4>>(T3)",4.91206s,6.240 μs,GPU 0,Stream 7
"void at::native::elementwise_kernel<(int)128, (int)2, void at::native::gpu_kernel_impl<at::native::BinaryFunctor<float, float, float, at::native::MulFunctor<float>>>(at::TensorIteratorBase &, const T1 &)::[lambda(int) (instance 1)]>(int, T3)",4.91207s,3.808 μs,GPU 0,Stream 7
"void at::native::vectorized_elementwise_kernel<(int)4, at::native::BUnaryFunctor<float, float, float, at::native::MulFunctor<float>>, at::detail::Array<char *, (int)2>>(int, T2, T3)",4.91207s,2.688 μs,GPU 0,Stream 7
"void at::native::vectorized_elementwise_kernel<(int)4, at::native::FillFunctor<float>, at::detail::Array<char *, (int)1>>(int, T2, T3)",4.91207s,2.240 μs,GPU 0,Stream 7
"void at::native::vectorized_elementwise_kernel<(int)4, at::native::FillFunctor<long>, at::detail::Array<char *, (int)1>>(int, T2, T3)",4.91208s,2.720 μs,GPU 0,Stream 7
"void dgl::aten::cuda::SpMMCsrKernel<long, float, dgl::aten::cuda::binary::CopyRhs<float>, dgl::aten::cuda::reduce::Max<long, float, (bool)0>, (bool)0, (bool)1>(const T2 *, const T2 *, T2 *, T1 *, T1 *, const T1 *, const T1 *, const T1 *, long, long, const long *, const long *, long, long, long)",4.91208s,4.032 μs,GPU 0,Stream 7
"void at::native::vectorized_elementwise_kernel<(int)4, at::native::FillFunctor<float>, at::detail::Array<char *, (int)1>>(int, T2, T3)",4.91209s,2.240 μs,GPU 0,Stream 7
"void dgl::aten::cuda::SDDMMCooKernel<long, float, dgl::aten::cuda::binary::Sub<float>, (bool)0, (bool)0, (int)1, (int)2>(const T2 *, const T2 *, T2 *, const T1 *, const T1 *, const T1 *, long, long, long, long, const long *, const long *, long, long, long)",4.91209s,3.104 μs,GPU 0,Stream 7
"void at::native::vectorized_elementwise_kernel<(int)4, at::native::exp_kernel_cuda(at::TensorIteratorBase &)::[lambda() (instance 2)]::operator ()() const::[lambda() (instance 4)]::operator ()() const::[lambda(float) (instance 1)], at::detail::Array<char *, (int)2>>(int, T2, T3)",4.91209s,2.592 μs,GPU 0,Stream 7
"void at::native::vectorized_elementwise_kernel<(int)4, at::native::FillFunctor<float>, at::detail::Array<char *, (int)1>>(int, T2, T3)",4.9121s,2.368 μs,GPU 0,Stream 7
"void dgl::aten::cuda::SpMMCsrKernel<long, float, dgl::aten::cuda::binary::CopyRhs<float>, dgl::aten::cuda::reduce::Sum<long, float, (bool)0>, (bool)0, (bool)1>(const T2 *, const T2 *, T2 *, T1 *, T1 *, const T1 *, const T1 *, const T1 *, long, long, const long *, const long *, long, long, long)",4.9121s,3.552 μs,GPU 0,Stream 7
"void at::native::vectorized_elementwise_kernel<(int)4, at::native::FillFunctor<float>, at::detail::Array<char *, (int)1>>(int, T2, T3)",4.9121s,2.336 μs,GPU 0,Stream 7
"void dgl::aten::cuda::SDDMMCooKernel<long, float, dgl::aten::cuda::binary::Div<float>, (bool)0, (bool)0, (int)1, (int)2>(const T2 *, const T2 *, T2 *, const T1 *, const T1 *, const T1 *, long, long, long, long, const long *, const long *, long, long, long)",4.91211s,3.264 μs,GPU 0,Stream 7
"void at::native::vectorized_elementwise_kernel<(int)4, at::native::FillFunctor<float>, at::detail::Array<char *, (int)1>>(int, T2, T3)",4.91224s,14.912 μs,GPU 0,Stream 7
"void at::native::elementwise_kernel<(int)128, (int)2, void at::native::gpu_kernel_impl<at::native::<unnamed>::direct_copy_kernel_cuda(at::TensorIteratorBase &)::[lambda() (instance 2)]::operator ()() const::[lambda() (instance 8)]::operator ()() const::[lambda(float) (instance 1)]>(at::TensorIteratorBase &, const T1 &)::[lambda(int) (instance 1)]>(int, T3)",4.91227s,46.592 μs,GPU 0,Stream 7
"void dgl::aten::cuda::SpMMCsrKernel<long, float, dgl::aten::cuda::binary::Mul<float>, dgl::aten::cuda::reduce::Sum<long, float, (bool)0>, (bool)1, (bool)1>(const T2 *, const T2 *, T2 *, T1 *, T1 *, const T1 *, const T1 *, const T1 *, long, long, const long *, const long *, long, long, long)",4.91233s,91.936 μs,GPU 0,Stream 7
"void at::native::vectorized_elementwise_kernel<(int)4, at::native::FillFunctor<float>, at::detail::Array<char *, (int)1>>(int, T2, T3)",4.91243s,15.616 μs,GPU 0,Stream 7
"void at::native::elementwise_kernel<(int)128, (int)2, void at::native::gpu_kernel_impl<at::native::<unnamed>::direct_copy_kernel_cuda(at::TensorIteratorBase &)::[lambda() (instance 2)]::operator ()() const::[lambda() (instance 8)]::operator ()() const::[lambda(float) (instance 1)]>(at::TensorIteratorBase &, const T1 &)::[lambda(int) (instance 1)]>(int, T3)",4.91246s,35.424 μs,GPU 0,Stream 7
"void dgl::aten::cuda::SpMMCsrKernel<long, float, dgl::aten::cuda::binary::Mul<float>, dgl::aten::cuda::reduce::Sum<long, float, (bool)0>, (bool)1, (bool)1>(const T2 *, const T2 *, T2 *, T1 *, T1 *, const T1 *, const T1 *, const T1 *, long, long, const long *, const long *, long, long, long)",4.91251s,78.656 μs,GPU 0,Stream 7
"void at::native::vectorized_elementwise_kernel<(int)4, at::native::FillFunctor<float>, at::detail::Array<char *, (int)1>>(int, T2, T3)",4.9126s,16.352 μs,GPU 0,Stream 7
"void at::native::elementwise_kernel<(int)128, (int)2, void at::native::gpu_kernel_impl<at::native::<unnamed>::direct_copy_kernel_cuda(at::TensorIteratorBase &)::[lambda() (instance 2)]::operator ()() const::[lambda() (instance 8)]::operator ()() const::[lambda(float) (instance 1)]>(at::TensorIteratorBase &, const T1 &)::[lambda(int) (instance 1)]>(int, T3)",4.91263s,34.208 μs,GPU 0,Stream 7
"void dgl::aten::cuda::SpMMCsrKernel<long, float, dgl::aten::cuda::binary::Mul<float>, dgl::aten::cuda::reduce::Sum<long, float, (bool)0>, (bool)1, (bool)1>(const T2 *, const T2 *, T2 *, T1 *, T1 *, const T1 *, const T1 *, const T1 *, long, long, const long *, const long *, long, long, long)",4.91268s,105.952 μs,GPU 0,Stream 7
"void at::native::vectorized_elementwise_kernel<(int)4, at::native::FillFunctor<float>, at::detail::Array<char *, (int)1>>(int, T2, T3)",4.91286s,2.399 μs,GPU 0,Stream 7
"void at::native::elementwise_kernel<(int)128, (int)2, void at::native::gpu_kernel_impl<at::native::<unnamed>::direct_copy_kernel_cuda(at::TensorIteratorBase &)::[lambda() (instance 2)]::operator ()() const::[lambda() (instance 8)]::operator ()() const::[lambda(float) (instance 1)]>(at::TensorIteratorBase &, const T1 &)::[lambda(int) (instance 1)]>(int, T3)",4.91289s,34.464 μs,GPU 0,Stream 7
"void dgl::aten::cuda::SpMMCsrKernel<long, float, dgl::aten::cuda::binary::Mul<float>, dgl::aten::cuda::reduce::Sum<long, float, (bool)0>, (bool)1, (bool)1>(const T2 *, const T2 *, T2 *, T1 *, T1 *, const T1 *, const T1 *, const T1 *, long, long, const long *, const long *, long, long, long)",4.91294s,705.759 μs,GPU 0,Stream 7
"void at::native::vectorized_elementwise_kernel<(int)4, at::native::FillFunctor<float>, at::detail::Array<char *, (int)1>>(int, T2, T3)",4.91365s,20.608 μs,GPU 0,Stream 7
"void at::native::elementwise_kernel<(int)128, (int)2, void at::native::gpu_kernel_impl<at::native::<unnamed>::direct_copy_kernel_cuda(at::TensorIteratorBase &)::[lambda() (instance 2)]::operator ()() const::[lambda() (instance 8)]::operator ()() const::[lambda(float) (instance 1)]>(at::TensorIteratorBase &, const T1 &)::[lambda(int) (instance 1)]>(int, T3)",4.91367s,35.168 μs,GPU 0,Stream 7
"void dgl::aten::cuda::SpMMCsrKernel<long, float, dgl::aten::cuda::binary::Mul<float>, dgl::aten::cuda::reduce::Sum<long, float, (bool)0>, (bool)1, (bool)1>(const T2 *, const T2 *, T2 *, T1 *, T1 *, const T1 *, const T1 *, const T1 *, long, long, const long *, const long *, long, long, long)",4.91372s,117.471 μs,GPU 0,Stream 7
"void at::native::vectorized_elementwise_kernel<(int)4, at::native::FillFunctor<float>, at::detail::Array<char *, (int)1>>(int, T2, T3)",4.91389s,16.160 μs,GPU 0,Stream 7
"void at::native::elementwise_kernel<(int)128, (int)2, void at::native::gpu_kernel_impl<at::native::<unnamed>::direct_copy_kernel_cuda(at::TensorIteratorBase &)::[lambda() (instance 2)]::operator ()() const::[lambda() (instance 8)]::operator ()() const::[lambda(float) (instance 1)]>(at::TensorIteratorBase &, const T1 &)::[lambda(int) (instance 1)]>(int, T3)",4.91392s,4.000 μs,GPU 0,Stream 7
"void dgl::aten::cuda::SpMMCsrKernel<long, float, dgl::aten::cuda::binary::Mul<float>, dgl::aten::cuda::reduce::Sum<long, float, (bool)0>, (bool)1, (bool)1>(const T2 *, const T2 *, T2 *, T1 *, T1 *, const T1 *, const T1 *, const T1 *, long, long, const long *, const long *, long, long, long)",4.91397s,71.584 μs,GPU 0,Stream 7
"void at::native::<unnamed>::CatArrayBatchedCopy<float, unsigned int, (int)3, (int)128, (int)1>(T1 *, at::native::<unnamed>::CatArrInputTensorMetadata<T1, T2, T4, T5>, at::native::<unnamed>::TensorSizeStride<T2, (unsigned int)4>, int, T2)",4.91404s,127.680 μs,GPU 0,Stream 7
"void at::native::reduce_kernel<(int)128, (int)4, at::native::ReduceOp<float, at::native::MeanOps<float, float>, unsigned int, float, (int)4>>(T3)",4.91417s,80.640 μs,GPU 0,Stream 7
"void at::native::vectorized_elementwise_kernel<(int)4, at::native::sigmoid_kernel_cuda(at::TensorIteratorBase &)::[lambda() (instance 2)]::operator ()() const::[lambda() (instance 4)]::operator ()() const::[lambda(float) (instance 1)], at::detail::Array<char *, (int)2>>(int, T2, T3)",4.91425s,3.264 μs,GPU 0,Stream 7
ampere_sgemm_128x64_tn,4.91426s,204.543 μs,GPU 0,Stream 7
"void at::native::<unnamed>::fused_dropout_kernel_vec<float, float, unsigned int, (int)1, (int)4, bool>(at::cuda::detail::TensorInfo<T1, T3>, at::cuda::detail::TensorInfo<T1, T3>, at::cuda::detail::TensorInfo<T6, T3>, T3, T2, at::PhiloxCudaState)",4.91446s,52.704 μs,GPU 0,Stream 7
"void at::native::elementwise_kernel<(int)128, (int)2, void at::native::gpu_kernel_impl<at::native::BinaryFunctor<float, float, float, at::native::MulFunctor<float>>>(at::TensorIteratorBase &, const T1 &)::[lambda(int) (instance 1)]>(int, T3)",4.91452s,45.536 μs,GPU 0,Stream 7
"void at::native::vectorized_elementwise_kernel<(int)4, at::native::CUDAFunctorOnOther_add<float>, at::detail::Array<char *, (int)2>>(int, T2, T3)",4.91456s,2.944 μs,GPU 0,Stream 7
"void at::native::elementwise_kernel<(int)128, (int)2, void at::native::gpu_kernel_impl<at::native::BinaryFunctor<float, float, float, at::native::MulFunctor<float>>>(at::TensorIteratorBase &, const T1 &)::[lambda(int) (instance 1)]>(int, T3)",4.91457s,45.408 μs,GPU 0,Stream 7
"void at::native::vectorized_elementwise_kernel<(int)4, at::native::CUDAFunctor_add<float>, at::detail::Array<char *, (int)3>>(int, T2, T3)",4.91461s,66.816 μs,GPU 0,Stream 7
"void at::native::<unnamed>::vectorized_layer_norm_kernel<float, float>(int, T2, const T1 *, const T1 *, const T1 *, T2 *, T2 *, T1 *)",4.91468s,77.696 μs,GPU 0,Stream 7
"void at::native::unrolled_elementwise_kernel<at::native::sigmoid_kernel_cuda(at::TensorIteratorBase &)::[lambda() (instance 2)]::operator ()() const::[lambda() (instance 4)]::operator ()() const::[lambda(float) (instance 1)], at::detail::Array<char *, (int)2>, TrivialOffsetCalculator<(int)1, unsigned int>, TrivialOffsetCalculator<(int)1, unsigned int>, at::native::memory::LoadWithoutCast, at::native::memory::StoreWithoutCast>(int, T1, T2, T3, T4, T5, T6)",4.91476s,3.168 μs,GPU 0,Stream 7
ampere_sgemm_128x64_tn,4.91476s,158.175 μs,GPU 0,Stream 7
"void at::native::<unnamed>::fused_dropout_kernel_vec<float, float, unsigned int, (int)1, (int)4, bool>(at::cuda::detail::TensorInfo<T1, T3>, at::cuda::detail::TensorInfo<T1, T3>, at::cuda::detail::TensorInfo<T6, T3>, T3, T2, at::PhiloxCudaState)",4.91492s,39.072 μs,GPU 0,Stream 7
"void at::native::elementwise_kernel<(int)128, (int)2, void at::native::gpu_kernel_impl<at::native::BinaryFunctor<float, float, float, at::native::MulFunctor<float>>>(at::TensorIteratorBase &, const T1 &)::[lambda(int) (instance 1)]>(int, T3)",4.91496s,34.048 μs,GPU 0,Stream 7
"void at::native::vectorized_elementwise_kernel<(int)4, at::native::CUDAFunctorOnOther_add<float>, at::detail::Array<char *, (int)2>>(int, T2, T3)",4.915s,3.008 μs,GPU 0,Stream 7
"void at::native::elementwise_kernel<(int)128, (int)2, void at::native::gpu_kernel_impl<at::native::BinaryFunctor<float, float, float, at::native::MulFunctor<float>>>(at::TensorIteratorBase &, const T1 &)::[lambda(int) (instance 1)]>(int, T3)",4.915s,34.368 μs,GPU 0,Stream 7
"void at::native::vectorized_elementwise_kernel<(int)4, at::native::CUDAFunctor_add<float>, at::detail::Array<char *, (int)3>>(int, T2, T3)",4.91504s,48.928 μs,GPU 0,Stream 7
"void at::native::<unnamed>::vectorized_layer_norm_kernel<float, float>(int, T2, const T1 *, const T1 *, const T1 *, T2 *, T2 *, T1 *)",4.91509s,56.960 μs,GPU 0,Stream 7
"void at::native::vectorized_elementwise_kernel<(int)2, at::native::sigmoid_kernel_cuda(at::TensorIteratorBase &)::[lambda() (instance 2)]::operator ()() const::[lambda() (instance 4)]::operator ()() const::[lambda(float) (instance 1)], at::detail::Array<char *, (int)2>>(int, T2, T3)",4.91514s,3.264 μs,GPU 0,Stream 7
ampere_sgemm_32x32_sliced1x4_tn,4.91515s,8.192 μs,GPU 0,Stream 7
"void splitKreduce_kernel<(int)32, (int)16, int, float, float, float, float, (bool)1, (bool)1, (bool)0>(cublasSplitKParams<T6>, const T4 *, const T5 *, T5 *, const T6 *, const T6 *, const T7 *, const T4 *, T7 *, void *, long, T6 *, int *)",4.91516s,3.520 μs,GPU 0,Stream 7
"void at::native::<unnamed>::fused_dropout_kernel_vec<float, float, unsigned int, (int)1, (int)4, bool>(at::cuda::detail::TensorInfo<T1, T3>, at::cuda::detail::TensorInfo<T1, T3>, at::cuda::detail::TensorInfo<T6, T3>, T3, T2, at::PhiloxCudaState)",4.91516s,3.520 μs,GPU 0,Stream 7
"void at::native::elementwise_kernel<(int)128, (int)2, void at::native::gpu_kernel_impl<at::native::BinaryFunctor<float, float, float, at::native::MulFunctor<float>>>(at::TensorIteratorBase &, const T1 &)::[lambda(int) (instance 1)]>(int, T3)",4.91517s,3.296 μs,GPU 0,Stream 7
"void at::native::vectorized_elementwise_kernel<(int)4, at::native::CUDAFunctorOnOther_add<float>, at::detail::Array<char *, (int)2>>(int, T2, T3)",4.91517s,2.336 μs,GPU 0,Stream 7
"void at::native::elementwise_kernel<(int)128, (int)2, void at::native::gpu_kernel_impl<at::native::BinaryFunctor<float, float, float, at::native::MulFunctor<float>>>(at::TensorIteratorBase &, const T1 &)::[lambda(int) (instance 1)]>(int, T3)",4.91517s,3.648 μs,GPU 0,Stream 7
"void at::native::vectorized_elementwise_kernel<(int)4, at::native::CUDAFunctor_add<float>, at::detail::Array<char *, (int)3>>(int, T2, T3)",4.91518s,2.432 μs,GPU 0,Stream 7
"void at::native::<unnamed>::vectorized_layer_norm_kernel<float, float>(int, T2, const T1 *, const T1 *, const T1 *, T2 *, T2 *, T1 *)",4.91518s,5.376 μs,GPU 0,Stream 7
ampere_sgemm_32x128_tn,4.91519s,43.072 μs,GPU 0,Stream 7
